Title,Published_date,Views,Likes,Comments
Climate Kids: How did climate change start?,2024-05-31 03:33:16+00:00,1248,30,0
MCF Seminar Series: The 2022 Climate Change Act and Australian Climate Policy,2024-05-30 05:18:26+00:00,276,4,0
MCFA Seminar Series: Climate Change and International Law,2023-12-06 22:37:45+00:00,249,8,0
Discover the Environmental Engineering Systems major,2023-11-14 03:11:14+00:00,490,4,0
MCFA Seminar Series: First Nations' voices and leadership in climate change,2023-09-21 04:35:08+00:00,207,6,0
Are nature-based carbon offsets based on good science?,2023-07-31 03:53:25+00:00,824,9,1
University of Melbourne Health and Biomedical Ecosystem Partners,2023-06-16 06:50:22+00:00,413,8,1
MCFA Seminar Series: The visual life of climate change,2023-03-14 01:24:44+00:00,277,2,0
MEA & The University of Melbourne – Supporting large-scale transition to sustainable energy,2023-03-13 22:52:32+00:00,40307,1,0
"Mothering in Crisis: Family, Disaster and Climate Change",2022-12-07 03:23:12+00:00,352,7,1
Smart Sustainable Cities Webinar,2022-11-22 01:55:51+00:00,546,13,0
Renewable and Sustainable Energy Webinar,2022-10-26 23:42:34+00:00,859,22,0
"Traditional Knowledge in Fiji for Anticipating, Averting and Accommodating Environmental Risk",2022-09-29 06:41:43+00:00,227,7,0
GSWC2022 - Ecosystem of Support,2022-04-08 04:23:04+00:00,58,1,0
Let's be Change Makers! Join Green Impact in 2022,2022-03-25 00:05:25+00:00,894,13,0
Making the most of 2022 to accelerate climate action,2022-03-24 05:47:36+00:00,495,11,0
International Law of Climate Change: Profound challenges facing COP26,2021-10-27 23:43:56+00:00,920,17,0
Bite-sized Lecture: Is organic food better for your gut? with Dr Senaka Ranadheera,2021-09-17 01:36:52+00:00,999,17,3
Moving South-East Asia towards clean energy,2021-06-21 03:18:06+00:00,386,17,0
Adapting to climate change in the atolls: Insights from Budibudi (Papua New Guinea),2021-05-31 00:33:06+00:00,274,7,0
Mining threats to biodiversity and the consequences of a green energy transition,2021-05-18 05:16:06+00:00,343,5,1
Water Security Series - What do Victoria’s new environment protection laws mean for you?,2021-04-22 01:58:54+00:00,583,11,2
Melbourne Climate Futures - planning your career in climate action,2021-04-14 03:45:40+00:00,408,4,0
UniMelb Green Impact Awards Ceremony 2020,2020-11-26 06:33:52+00:00,187,6,0
"Water Security Series - Environmental Outcomes from the Basin Plan, 28 November 2019",2020-09-11 02:12:19+00:00,146,2,0
